<annotation>
	<folder>images</folder>
	<filename>188.jpg</filename>
	<path>/Users/mac/GitHub/TextDetection/images/188.jpg</path>
	<source>
		<database>Unknown</database>
	</source>
	<size>
		<width>1080</width>
		<height>2300</height>
		<depth>3</depth>
	</size>
	<segmented>0</segmented>
	<object>
		<name>Text</name>
		<pose>Unspecified</pose>
		<truncated>0</truncated>
		<difficult>0</difficult>
		<bndbox>
			<xmin>429</xmin>
			<ymin>525</ymin>
			<xmax>659</xmax>
			<ymax>576</ymax>
		</bndbox>
	</object>
	<object>
		<name>Text</name>
		<pose>Unspecified</pose>
		<truncated>0</truncated>
		<difficult>0</difficult>
		<bndbox>
			<xmin>458</xmin>
			<ymin>1216</ymin>
			<xmax>618</xmax>
			<ymax>1266</ymax>
		</bndbox>
	</object>
</annotation>
